{"version":"1.0","sourceVrmMetaVersion":"0","pose":{"leftUpperArm":{"rotation":[-0.02489287497072965,-0.1774415694677438,0.47088522784722087,0.8638066545215929]},"leftLowerArm":{"rotation":[0,0,0.12201854453079043,0.9925278206632737]},"leftHand":{"rotation":[0,0,0.1244924615569014,0.9922205536147211]},"rightUpperArm":{"rotation":[0.21907520179684217,-0.11029279718472748,-0.40959125097816734,0.8786788730639776]},"rightLowerArm":{"rotation":[0,0,-0.2850687705011957,0.958507066267608]},"rightHand":{"rotation":[0,0,-0.15138812484165654,0.9884743980786387]}}}