{"version":"1.0","sourceVrmMetaVersion":"0","pose":{"rightUpperLeg":{"rotation":[-0.22104847833208963,-3.11788183783528e-18,3.3262816603413804e-17,0.975262821103659]},"rightFoot":{"rotation":[-0.10286505980467063,-0.4592401288301887,-0.1341681562416728,0.8720757933769996]},"leftUpperArm":{"rotation":[-0.0029610939820282375,0.001721971658638731,-0.39694863798087077,0.9178344325319072]},"leftLowerArm":{"rotation":[0.1507967102637146,-0.0267183449860878,-0.41864662123241203,0.8951432783334359]},"rightUpperArm":{"rotation":[-0.03343501580759688,-0.0634521340816479,-0.2496817532366736,0.9656681357998156]}}}