{"version":"1.0","sourceVrmMetaVersion":"0","pose":{"leftUpperLeg":{"rotation":[-0.4654240546153994,-1.71686145460545e-17,3.490759808403311e-17,0.8850878201542273]},"rightUpperLeg":{"rotation":[-0.46851127195892167,4.63831199997502e-18,7.730809631864865e-17,0.8834575190960986]},"leftShoulder":{"rotation":[-0.008423745624638724,-0.026723810502233093,-0.10680556719443363,0.9938850281990204]},"rightShoulder":{"rotation":[0.013823201000501056,0.03535403817487107,0.14129751816512973,0.9892391128838388]}}}