{"version":"1.0","sourceVrmMetaVersion":"0","pose":{"leftUpperArm":{"rotation":[0,0,0.2104997822744993,0.9775939042682235]},"leftLowerArm":{"rotation":[0,0,0.1966939546310881,0.9804649347180059]},"rightUpperArm":{"rotation":[0.0008382054128868589,0.000042215752234726076,0.5319047403303575,0.8468037806030456]},"rightHand":{"rotation":[0,0,0.2962018416322877,0.9551253682180372]}}}